gpa,cum_total_crds,gender,asian,black,hawaiian,hispanic,unknown,white,ethnic_dummy,format_ol,format_blended,sat_math_NEW,sat_verbal_NEW,enroll_count,format_f2f_v_ol,format_f2f_v_blended,format_combined_v_f2f,falsexam,experiment1
2.014,63,1,0,0,0,0,0,1,0,0,0,540,540,NA,0,0,1,0,0
3.72,33,1,0,0,0,0,0,1,0,0,0,590,630,NA,0,0,1,0,0
NA,4,0,0,0,0,0,0,1,0,0,0,650,570,NA,0,0,1,0,0
NA,10,1,NA,NA,NA,NA,NA,NA,NA,0,0,690,690,NA,0,0,1,0,0
NA,0,0,0,1,0,0,0,0,1,0,0,480,420,NA,0,0,1,0,0
NA,14,1,0,0,0,0,0,1,0,0,0,670,640,NA,0,0,1,0,0
NA,19,1,0,0,0,0,0,1,0,0,0,740,620,NA,0,0,1,0,0
NA,0,0,1,0,0,0,0,0,1,0,0,710,440,NA,0,0,1,0,0
3.143,51,1,0,0,0,1,0,0,1,0,0,510,620,NA,0,0,1,0,0
NA,0,1,0,0,0,0,0,1,0,0,0,630,570,NA,0,0,1,0,0
3.07,30,0,NA,NA,NA,NA,NA,NA,NA,0,0,660,720,NA,0,0,1,0,0
NA,4,0,0,0,0,0,0,1,0,0,0,660,550,NA,0,0,1,0,0
3.644,63,1,0,0,0,0,0,1,0,0,0,760,630,NA,0,0,1,0,0
2.687,31,0,0,0,0,0,0,1,0,0,0,570,540,NA,0,0,1,0,0
NA,0,1,1,0,0,0,0,0,1,0,0,720,460,NA,0,0,1,0,0
2.939,36,1,NA,NA,NA,NA,NA,NA,NA,0,0,610,500,NA,0,0,1,0,0
3.679,42,0,0,0,0,0,0,1,0,0,0,650,650,NA,0,0,1,0,0
3.894,53,0,NA,NA,NA,NA,NA,NA,NA,0,0,750,660,NA,0,0,1,0,0
NA,96,1,0,0,0,0,0,1,0,0,0,520,570,NA,0,0,1,0,0
3.623,40,1,0,0,0,0,0,1,0,0,0,770,800,NA,0,0,1,0,0
2.263,28,0,0,1,0,0,0,0,1,0,0,570,560,NA,0,0,1,0,0
NA,31,1,0,0,0,0,0,1,0,0,0,590,590,NA,0,0,1,0,0
2.814,35,1,0,0,0,0,0,1,0,0,0,600,710,NA,0,0,1,0,0
2.486,34,1,0,0,0,0,0,1,0,0,0,640,620,NA,0,0,1,0,0
NA,32,1,0,0,0,0,0,1,0,0,0,NA,NA,NA,0,0,1,0,0
3.48,30,0,0,0,0,0,0,1,0,0,0,640,580,NA,0,0,1,0,0
NA,15,1,NA,NA,NA,NA,NA,NA,NA,0,0,690,570,NA,0,0,1,0,0
NA,4,0,0,0,0,0,0,1,0,0,0,650,570,NA,0,0,1,0,0
NA,40,0,0,0,0,0,0,1,0,0,0,510,600,NA,0,0,1,0,0
2.26,54,1,0,1,0,0,0,0,1,0,0,620,610,NA,0,0,1,0,0
NA,46,1,0,0,0,0,0,1,0,0,0,600,600,NA,0,0,1,0,0
3.522,29,1,NA,NA,NA,NA,NA,NA,NA,0,0,640,610,NA,0,0,1,0,0
2.884,29,0,0,0,0,0,0,1,0,0,0,620,520,NA,0,0,1,0,0
NA,0,0,0,1,0,0,0,0,1,0,0,470,560,NA,0,0,1,0,0
3.171,28,1,0,0,0,0,0,1,0,0,0,620,520,NA,0,0,1,0,0
3.552,33,0,NA,NA,NA,NA,NA,NA,NA,0,0,610,600,NA,0,0,1,0,0
NA,10,1,0,0,0,0,0,1,0,0,0,480,650,NA,0,0,1,0,0
1.903,30,1,0,0,0,0,0,1,0,0,0,630,520,NA,0,0,1,0,0
3.687,82,1,0,0,0,0,0,1,0,0,0,710,680,NA,0,0,1,0,0
3.415,56,1,NA,NA,NA,NA,NA,NA,NA,0,0,680,720,NA,0,0,1,0,0
NA,3,0,0,0,0,0,0,1,0,0,0,600,580,NA,0,0,1,0,0
3.737,33,1,0,0,0,0,0,1,0,0,0,700,590,NA,0,0,1,0,0
3.381,31,0,1,0,0,0,0,0,1,0,0,730,420,NA,0,0,1,0,0
3.564,42,0,0,0,0,0,0,1,0,0,0,650,590,NA,0,0,1,0,0
2.527,39,1,0,0,0,1,0,0,1,0,0,470,480,NA,0,0,1,0,0
4,30,0,NA,NA,NA,NA,NA,NA,NA,0,0,630,620,NA,0,0,1,0,0
3.054,28,0,NA,NA,NA,NA,NA,NA,NA,0,0,450,400,NA,0,0,1,0,0
NA,6,1,0,0,0,0,0,1,0,0,0,660,670,NA,0,0,1,0,0
3.464,32,0,NA,NA,NA,NA,NA,NA,NA,0,0,580,640,NA,0,0,1,0,0
3.093,29,1,0,0,0,0,0,1,0,0,0,640,500,NA,0,0,1,0,0
2.462,34,1,0,0,0,0,0,1,0,0,0,680,670,NA,0,0,1,0,0
2.807,29,0,0,1,0,0,0,0,1,0,0,480,500,NA,0,0,1,0,0
2.044,70,1,0,0,0,0,0,1,0,0,0,670,620,NA,0,0,1,0,0
NA,0,0,0,0,0,0,0,1,0,0,0,590,590,NA,0,0,1,0,0
2.97,27,1,0,1,0,0,0,0,1,0,0,580,450,NA,0,0,1,0,0
NA,58,1,1,0,0,0,0,0,1,0,0,NA,NA,NA,0,0,1,0,0
3.263,30,0,NA,NA,NA,NA,NA,NA,NA,0,0,620,680,NA,0,0,1,0,0
NA,31,1,0,0,0,1,0,0,1,0,0,560,510,NA,0,0,1,0,0
NA,58,1,0,0,0,0,0,1,0,0,0,600,590,NA,0,0,1,0,0
3.113,33,1,0,0,0,0,0,1,0,0,0,610,590,NA,0,0,1,0,0
3.21,46,1,0,0,0,0,0,1,0,0,0,610,600,NA,0,0,1,0,0
2.972,32,0,0,0,0,0,0,1,0,0,0,640,580,NA,0,0,1,0,0
3.235,34,0,0,0,0,0,0,1,0,0,0,630,630,NA,0,0,1,0,0
NA,0,1,1,0,0,0,0,0,1,0,0,580,570,NA,0,0,1,0,0
NA,15,1,0,0,0,0,0,1,0,0,0,540,550,NA,0,0,1,0,0
NA,3,1,0,0,0,0,0,1,0,0,0,670,660,NA,0,0,1,0,0
2.795,64,1,0,0,0,0,0,1,0,0,0,540,520,NA,0,0,1,0,0
NA,4,0,0,0,0,0,0,1,0,0,0,NA,NA,NA,0,0,1,0,0
NA,11,1,0,0,0,0,0,1,0,0,0,710,590,NA,0,0,1,0,0
NA,19,1,0,0,0,0,0,1,0,0,0,640,620,NA,0,0,1,0,0
3.93,37,0,NA,NA,NA,NA,NA,NA,NA,0,0,710,560,NA,0,0,1,0,0
1.7,25,1,NA,NA,NA,NA,NA,NA,NA,0,0,660,510,NA,0,0,1,0,0
NA,11,0,1,0,0,0,0,0,1,0,0,660,540,NA,0,0,1,0,0
NA,0,1,0,1,0,0,0,0,1,0,0,580,530,NA,0,0,1,0,0
NA,0,1,0,0,0,0,0,1,0,0,0,650,670,NA,0,0,1,0,0
3.379,32,1,0,0,0,0,0,1,0,0,0,630,650,NA,0,0,1,0,0
3.846,35,1,0,0,0,0,0,1,0,0,0,610,670,NA,0,0,1,0,0
3.751,78,0,0,0,0,0,0,1,0,0,0,630,560,NA,0,0,1,0,0
NA,0,0,0,0,0,0,0,1,0,0,0,690,600,NA,0,0,1,0,0
3.143,37,0,0,0,0,0,0,1,0,0,0,660,620,NA,0,0,1,0,0
3.069,38,1,0,0,0,0,0,1,0,0,0,680,580,NA,0,0,1,0,0
NA,0,1,0,0,0,0,0,1,0,0,0,690,540,NA,0,0,1,0,0
NA,12,1,NA,NA,NA,NA,NA,NA,NA,0,0,690,690,NA,0,0,1,0,0
3.213,64,0,0,0,0,0,0,1,0,0,0,610,570,NA,0,0,1,0,0
NA,7,1,0,0,0,0,0,1,0,0,0,680,590,NA,0,0,1,0,0
3.545,36,1,0,0,0,0,0,1,0,0,0,710,580,NA,0,0,1,0,0
2.278,27,0,0,1,0,0,0,0,1,0,0,650,630,NA,0,0,1,0,0
NA,30,1,0,0,0,0,0,1,0,0,0,710,600,NA,0,0,1,0,0
1.965,37,1,0,0,0,1,0,0,1,0,0,570,560,NA,0,0,1,0,0
2.6,27,0,0,0,0,0,0,1,0,0,0,720,570,NA,0,0,1,0,0
4,50,0,NA,NA,NA,NA,NA,NA,NA,0,0,670,690,NA,0,0,1,0,0
2.886,50,0,0,1,0,0,0,0,1,0,0,600,690,NA,0,0,1,0,0
2.913,66,1,NA,NA,NA,NA,NA,NA,NA,0,0,800,690,NA,0,0,1,0,0
3.944,35,1,0,0,0,0,0,1,0,0,0,730,720,NA,0,0,1,0,0
NA,34,0,1,0,0,0,0,0,1,0,0,760,700,NA,0,0,1,0,0
NA,20,0,NA,NA,NA,NA,NA,NA,NA,0,0,780,680,NA,0,0,1,0,0
NA,0,0,0,0,0,0,0,1,0,0,0,630,550,NA,0,0,1,0,0
1.932,28,1,0,0,0,0,0,1,0,0,0,690,720,NA,0,0,1,0,0
3.264,31,1,0,0,0,0,0,1,0,0,0,610,580,NA,0,0,1,0,0
2.991,100,1,0,0,0,0,0,1,0,0,0,590,760,NA,0,0,1,0,0
1.997,71,1,0,0,0,0,0,1,0,0,0,560,520,NA,0,0,1,0,0
3.196,42,0,0,0,0,0,0,1,0,0,0,620,740,NA,0,0,1,0,0
3.5,42,0,0,0,0,0,0,1,0,0,0,NA,NA,NA,0,0,1,0,0
2.543,30,0,0,0,0,0,0,1,0,0,0,650,490,NA,0,0,1,0,0
NA,33,0,0,0,0,0,0,1,0,0,0,560,610,NA,0,0,1,0,0
2.39,68,0,0,0,0,1,0,0,1,0,0,500,450,NA,0,0,1,0,0
NA,3,1,0,0,0,0,0,1,0,0,0,740,670,NA,0,0,1,0,0
NA,10,1,NA,NA,NA,NA,NA,NA,NA,0,0,630,660,NA,0,0,1,0,0
1.858,25,1,0,0,0,0,0,1,0,0,0,600,560,NA,0,0,1,0,0
2.21,61,1,0,0,0,0,0,1,0,0,0,460,420,NA,0,0,1,0,0
NA,44.42,1,0,0,0,0,0,1,0,0,0,680,650,NA,0,0,1,0,0
3.762,29,1,0,0,0,0,0,1,0,0,0,670,800,NA,0,0,1,0,0
2.875,56,1,0,0,0,0,0,1,0,0,0,640,590,NA,0,0,1,0,0
3.449,78,0,0,0,0,0,0,1,0,0,0,570,670,NA,0,0,1,0,0
2.572,29,0,0,0,0,0,0,1,0,0,0,640,480,NA,0,0,1,0,0
NA,7,0,0,0,0,0,0,1,0,0,0,560,670,NA,0,0,1,0,0
NA,7,0,0,0,0,0,0,1,0,0,0,570,620,NA,0,0,1,0,0
NA,7,0,NA,NA,NA,NA,NA,NA,NA,0,0,680,580,NA,0,0,1,0,0
NA,29,1,1,0,0,0,0,0,1,0,0,630,650,NA,0,0,1,0,0
2.772,33,1,0,0,0,0,0,1,0,0,0,560,470,NA,0,0,1,0,0
NA,0,0,0,0,0,0,0,1,0,0,0,590,580,NA,0,0,1,0,0
NA,0,0,1,0,0,0,0,0,1,0,0,NA,NA,NA,0,0,1,0,0
NA,14,1,1,0,0,0,0,0,1,0,0,670,620,NA,0,0,1,0,0
2.684,31,1,NA,NA,NA,NA,NA,NA,NA,0,0,630,550,NA,0,0,1,0,0
2.867,52,1,NA,NA,NA,NA,NA,NA,NA,0,0,540,670,NA,0,0,1,0,0
3.439,47,1,0,0,0,0,0,1,0,0,0,610,630,NA,0,0,1,0,0
NA,0,1,NA,NA,NA,NA,NA,NA,NA,0,0,640,540,NA,0,0,1,0,0
2.382,93,1,0,0,0,0,0,1,0,0,0,NA,NA,NA,0,0,1,0,0
2.877,30,0,0,0,0,0,0,1,0,0,0,610,600,NA,0,0,1,0,0
3.688,36,1,0,0,0,0,0,1,0,0,0,590,600,NA,0,0,1,0,0
3.19,73,1,0,0,0,0,0,1,0,0,0,590,620,NA,0,0,1,0,0
3.841,38,1,0,0,0,0,0,1,0,0,0,650,700,NA,0,0,1,0,0
3.052,38,1,0,0,0,0,0,1,0,0,0,710,620,NA,0,0,1,0,0
NA,30,0,0,0,0,0,0,1,0,0,0,NA,NA,NA,0,0,1,0,0
3.306,94,1,0,1,0,0,0,0,1,0,0,640,520,NA,0,0,1,0,0
NA,6,0,0,0,0,0,0,1,0,0,0,NA,NA,NA,0,0,1,0,0
2.756,27,1,0,0,0,0,0,1,0,0,0,620,620,NA,0,0,1,0,0
NA,14,0,1,0,0,0,0,0,1,0,0,520,640,NA,0,0,1,0,0
3.324,34,1,0,0,0,0,0,1,0,0,0,620,580,NA,0,0,1,0,0
3.807,48,0,0,0,0,0,0,1,0,0,0,760,720,NA,0,0,1,0,0
NA,12,1,0,0,0,0,0,1,0,0,0,780,610,NA,0,0,1,0,0
NA,22,0,0,0,0,0,0,1,0,0,0,NA,NA,NA,0,0,1,0,0
2.697,31,1,0,0,0,0,0,1,0,0,0,660,560,NA,0,0,1,0,0
3.808,39,0,0,0,0,0,0,1,0,0,0,670,610,NA,0,0,1,0,0
NA,0,0,1,0,0,0,0,0,1,0,0,640,380,NA,0,0,1,0,0
3.58,40,0,0,0,0,0,0,1,0,0,0,580,560,NA,0,0,1,0,0
NA,24,0,0,0,0,0,0,1,0,0,0,450,550,NA,0,0,1,0,0
NA,26,1,0,0,0,0,0,1,0,0,0,760,600,NA,0,0,1,0,0
3.046,40,1,0,0,0,0,0,1,0,0,0,600,620,NA,0,0,1,0,0
3.007,14,0,NA,NA,NA,NA,NA,NA,NA,0,0,600,540,NA,0,0,1,0,0
3.357,35,1,NA,NA,NA,NA,NA,NA,NA,0,0,600,540,NA,0,0,1,0,0
NA,53,0,0,0,0,0,0,1,0,0,0,540,500,3,0,0,1,63.29996871948242,1
2.564,28,1,0,0,0,0,0,1,0,0,0,640,470,3,0,0,1,79.95999908447266,1
3.218,27,1,0,0,0,0,0,1,0,0,1,560,530,3,NA,1,0,83.37000274658203,1
NA,18,1,0,0,0,0,0,1,0,0,1,670,660,3,NA,1,0,90.01994323730469,1
3.499,81,1,0,0,0,0,0,1,0,1,0,660,630,3,1,NA,0,83.30000305175781,1
3.31,31,0,NA,NA,NA,NA,NA,NA,NA,1,0,560,570,2,1,NA,0,0,1
3.57,46,0,1,0,0,0,0,0,1,1,0,720,510,3,1,NA,0,88.34996032714844,1
3.002,60,1,1,0,0,0,0,0,1,0,1,740,700,3,NA,1,0,78.4000015258789,1
3.988,78,1,1,0,0,0,0,0,1,0,0,800,720,3,0,0,1,90,1
3.786,18,1,0,0,0,0,0,1,0,0,0,660,580,3,0,0,1,88.30999755859375,1
3.063,34,0,0,0,0,0,0,1,0,1,0,600,620,3,1,NA,0,73.37000274658203,1
3.293,27,1,1,0,0,0,0,0,1,1,0,670,480,3,1,NA,0,83.30000305175781,1
3.847,78,1,0,0,0,0,0,1,0,0,0,760,730,3,0,0,1,86.63999938964844,1
2.65,50,1,0,0,0,0,0,1,0,0,0,630,590,3,0,0,1,83.37000274658203,1
2.356,16,1,NA,NA,NA,NA,NA,NA,NA,0,1,680,590,3,NA,1,0,76.63999938964844,1
3.05,14,0,0,0,0,0,0,1,0,0,0,700,540,3,0,0,1,89.9800033569336,1
3.211,41,1,1,0,0,0,0,0,1,0,1,670,590,2,NA,1,0,0,1
2.207,26,0,NA,NA,NA,NA,NA,NA,NA,0,1,600,620,3,NA,1,0,66.63999938964844,1
3.32,47,1,1,0,0,0,0,0,1,1,0,600,620,3,1,NA,0,80.05000305175781,1
2.762,49,1,NA,NA,NA,NA,NA,NA,NA,0,0,750,690,3,0,0,1,78.37999725341797,1
3.082,54,0,NA,NA,NA,NA,NA,NA,NA,0,1,710,420,3,NA,1,0,86.63999938964844,1
3.827,11,1,1,0,0,0,0,0,1,1,0,NA,NA,3,1,NA,0,74.970001220703125,1
2.74,22,1,0,0,0,0,0,1,0,0,1,670,620,3,NA,1,0,63.349998474121094,1
2.83,89,1,0,0,0,0,0,1,0,1,0,610,410,3,1,NA,0,71.73899841308594,1
2.79,37,1,0,0,0,0,0,1,0,0,0,660,540,3,0,0,1,81.6500015258789,1
3.433,9,1,0,0,0,0,0,1,0,0,0,NA,NA,3,0,0,1,88.33000183105469,1
NA,NA,1,NA,NA,NA,NA,NA,NA,NA,1,0,510,540,2,1,NA,0,0,1
2.967,30,0,0,0,0,0,0,1,0,0,1,460,510,2,NA,1,0,0,1
3.06,15,1,0,0,0,0,0,1,0,0,0,580,540,2,0,0,1,0,1
2.657,17,0,0,1,0,0,0,0,1,1,0,620,590,3,1,NA,0,59.939998626708984,1
3.624,44,0,0,0,0,0,0,1,0,0,0,540,590,3,0,0,1,80.04997253417969,1
3.331,40,1,1,0,0,0,0,0,1,1,0,600,600,2,1,NA,0,0,1
NA,40,1,0,0,0,0,0,1,0,0,0,650,600,3,0,0,1,84.98999786376953,1
3.3,16,0,0,0,0,0,0,1,0,1,0,470,580,2,1,NA,0,0,1
2.477,67,0,1,0,0,0,0,0,1,0,1,680,470,3,NA,1,0,71.68000030517578,1
3.126,31,0,0,0,0,0,0,1,0,1,0,590,560,3,1,NA,0,71.62999725341797,1
NA,82,0,0,0,0,0,0,1,0,1,0,NA,NA,3,1,NA,0,73.29900360107422,1
2.728,36,1,1,0,0,0,0,0,1,0,1,800,740,3,NA,1,0,68.2699966430664,1
3.441,17,0,NA,NA,NA,NA,NA,NA,NA,0,1,720,530,3,NA,1,0,83.30000305175781,1
NA,NA,0,NA,NA,NA,NA,NA,NA,1,0,1,NA,NA,2,NA,1,0,0,1
NA,0,0,0,1,0,0,0,0,1,0,1,500,620,3,NA,1,0,56.70000076293945,1
2.9,15,1,1,0,0,0,0,0,1,0,0,640,500,3,0,0,1,73.30000305175781,1
NA,27,1,NA,NA,NA,NA,NA,NA,NA,0,0,440,430,3,0,0,1,73.30000305175781,1
NA,NA,0,0,0,0,0,0,1,0,1,0,580,580,2,1,NA,0,0,1
2.588,33,1,0,1,0,0,0,0,1,0,0,540,460,3,0,0,1,68.2699966430664,1
2.813,27,1,0,0,0,0,0,1,0,0,0,660,630,3,0,0,1,74.970001220703125,1
NA,24,1,NA,NA,NA,NA,NA,NA,NA,1,0,520,610,3,1,NA,0,66.62000274658203,1
NA,NA,1,NA,NA,NA,NA,NA,NA,1,0,1,NA,NA,2,NA,1,0,0,1
2.307,24,0,NA,NA,NA,NA,NA,NA,NA,0,0,510,520,3,0,0,1,66.69000244140625,1
3.469,13,0,NA,NA,NA,NA,NA,NA,NA,0,1,660,580,3,NA,1,0,81.62999725341797,1
3.558,33,1,NA,NA,NA,NA,NA,NA,NA,0,1,540,630,3,NA,1,0,56.599998474121094,1
3.7,45,0,1,0,0,0,0,0,1,0,1,560,650,3,NA,1,0,76.63999938964844,1
3.651,39,1,0,0,0,0,0,1,0,0,1,590,570,3,NA,1,0,81.73999786376953,1
NA,12,1,0,0,0,0,0,1,0,0,0,600,520,3,0,0,1,65.04000091552734,1
3.499,120,0,0,0,0,0,0,1,0,0,0,640,550,2,0,0,1,0,1
2.774,31,1,0,0,0,0,0,1,0,0,0,650,530,3,0,0,1,84.98999786376953,1
3.769,13,1,0,0,0,0,0,1,0,0,0,690,720,3,0,0,1,96.660003662109375,1
3.608,22,1,0,0,0,0,0,1,0,1,0,690,590,2,1,NA,0,0,1
2.095,63,1,0,0,0,0,0,1,0,0,0,620,720,2,0,0,1,0,1
2.557,125,0,0,0,0,0,1,0,1,1,0,550,380,2,1,NA,0,0,1
3.294,52,1,0,0,0,0,0,1,0,0,0,610,560,3,0,0,1,88.33000183105469,1
3.715,57,1,0,0,0,0,0,1,0,0,0,650,600,3,0,0,1,88.30999755859375,1
3.756,19,0,NA,NA,NA,NA,NA,NA,NA,0,0,590,530,2,0,0,1,0,1
3.838,22,0,1,0,0,0,0,0,1,0,1,670,690,3,NA,1,0,76.63999938964844,1
3.538,19,0,0,0,0,0,0,1,0,0,0,590,580,3,0,0,1,68.30999755859375,1
3.433,31,1,0,1,0,0,0,0,1,0,1,610,550,3,NA,1,0,71.61000061035156,1
NA,NA,0,NA,NA,NA,NA,NA,NA,NA,0,0,710,560,3,0,0,1,60.0099983215332,1
3.925,17,0,0,0,0,1,0,0,1,0,0,560,610,2,0,0,1,0,1
2.997,37,0,NA,NA,NA,NA,NA,NA,NA,0,1,NA,NA,3,NA,1,0,61.720001220703125,1
2.211,33,1,0,1,0,0,0,0,1,0,0,600,590,3,0,0,1,79.95999908447266,1
3.73,26,1,0,0,0,0,0,1,0,0,0,660,640,3,0,0,1,88.30999755859375,1
3.538,13,0,0,0,0,0,0,1,0,0,0,610,550,2,0,0,1,0,1
3.252,37,1,0,0,0,0,0,1,0,0,0,630,660,3,0,0,1,63.2599983215332,1
2.178,70,1,1,0,0,0,0,0,1,1,0,510,530,3,1,NA,0,56.63998031616211,1
3.129,39,1,0,0,0,0,0,1,0,0,1,660,520,3,NA,1,0,83.31999969482422,1
3.533,15,0,NA,NA,NA,NA,NA,NA,NA,1,0,600,500,3,1,NA,0,78.30999755859375,1
3.12,97,0,0,0,0,0,0,1,0,0,0,640,670,3,0,0,1,69.95997619628906,1
3.377,20,0,0,0,0,0,0,1,0,0,1,610,580,3,NA,1,0,83.31999969482422,1
NA,NA,0,NA,NA,NA,NA,NA,NA,NA,0,0,680,590,3,0,0,1,96.68000030517578,1
NA,6,1,0,0,0,0,0,1,0,0,0,720,660,3,0,0,1,76.63996124267578,1
3.564,17,0,0,0,0,0,0,1,0,0,1,560,610,2,NA,1,0,0,1
3.46,30,0,NA,NA,NA,NA,NA,NA,NA,1,0,540,460,3,1,NA,0,78.36000061035156,1
2.918,17,1,0,0,0,0,0,1,0,0,1,780,530,3,NA,1,0,65.04000091552734,1
2.586,41,1,0,0,0,0,0,1,0,0,0,670,580,3,0,0,1,84.98999786376953,1
2.56,15,0,1,0,0,0,0,0,1,1,0,NA,NA,2,1,NA,0,0,1
2.684,46,0,0,1,0,0,0,0,1,0,1,460,510,3,NA,1,0,68.339996337890625,1
2.531,85,1,NA,NA,NA,NA,NA,NA,NA,0,0,470,520,2,0,0,1,0,1
3.65,27,1,0,0,0,0,0,1,0,0,1,640,690,3,NA,1,0,88.37999725341797,1
2.549,48,1,0,0,0,1,0,0,1,0,0,530,430,3,0,0,1,79.95899963378906,1
NA,12,0,0,0,0,0,0,1,0,0,0,670,580,3,0,0,1,63.349998474121094,1
2.62,43,1,0,0,0,0,0,1,0,0,1,660,550,3,NA,1,0,70.08000183105469,1
3.067,22,1,0,0,0,0,0,1,0,1,0,760,600,3,1,NA,0,68.339996337890625,1
3.6,16,1,NA,NA,NA,NA,NA,NA,NA,0,1,600,660,3,NA,1,0,90,1
3.303,73,0,NA,NA,NA,NA,NA,NA,NA,1,0,630,620,3,1,NA,0,86.660003662109375,1
3.075,16,0,NA,NA,NA,NA,NA,NA,NA,0,1,620,630,3,NA,1,0,59.9900016784668,1
2.277,37,0,0,1,0,0,0,0,1,0,1,570,520,3,NA,1,0,55.06999969482422,1
NA,15,1,NA,NA,NA,NA,NA,NA,NA,0,1,680,500,3,NA,1,0,88.33000183105469,1
NA,55,1,NA,NA,NA,NA,NA,NA,NA,0,1,NA,NA,2,NA,1,0,0,1
3.407,22,0,1,0,0,0,0,0,1,0,1,680,600,3,NA,1,0,81.76000213623047,1
3.636,15,1,NA,NA,NA,NA,NA,NA,NA,0,1,660,690,2,NA,1,0,0,1
2.479,32,0,0,0,0,0,0,1,0,0,0,630,640,3,0,0,1,66.69000244140625,1
2.688,17,1,0,0,0,0,0,1,0,0,1,680,560,3,NA,1,0,85.04000091552734,1
3.85,18,1,NA,NA,NA,NA,NA,NA,NA,1,0,680,530,3,1,NA,0,90,1
3.378,52,1,0,0,0,0,0,1,0,1,0,670,650,3,1,NA,0,73.30000305175781,1
3.517,15,1,1,0,0,0,0,0,1,0,1,620,600,3,NA,1,0,73.279998779296875,1
4,13,1,0,0,0,0,0,1,0,0,0,640,620,3,0,0,1,73.30000305175781,1
3.56,45,0,0,0,0,0,0,1,0,0,0,560,520,3,0,0,1,91.69000244140625,1
2.502,56,1,0,0,1,0,0,0,1,0,1,500,450,3,NA,1,0,69.9800033569336,1
NA,NA,0,NA,NA,NA,NA,NA,NA,NA,0,0,650,600,2,0,0,1,0,1
3.48,40,0,0,0,0,0,0,1,0,0,1,440,760,3,NA,1,0,83.31999969482422,1
2.238,50,1,0,0,0,0,0,1,0,0,0,440,500,3,0,0,1,54.949981689453125,1
NA,NA,0,0,0,0,0,0,1,0,0,0,640,620,3,0,0,1,70,1
2.812,65,1,NA,NA,NA,NA,NA,NA,NA,0,1,NA,NA,3,NA,1,0,51.65999984741211,1
NA,NA,1,NA,NA,NA,NA,NA,NA,NA,0,1,NA,NA,2,NA,1,0,70.01000213623047,1
3.123,13,1,NA,NA,NA,NA,NA,NA,NA,0,0,590,540,3,0,0,1,81.62999725341797,1
2.987,22,0,0,0,0,0,0,1,0,0,0,540,690,3,0,0,1,81.720001220703125,1
NA,0,0,0,0,0,0,0,1,0,1,0,610,570,2,1,NA,0,0,1
3.007,31,0,NA,NA,NA,NA,NA,NA,NA,1,0,590,600,2,1,NA,0,0,1
3.27,31,0,NA,NA,NA,NA,NA,NA,NA,1,0,620,640,2,1,NA,0,0,1
3.444,35,1,0,0,0,0,0,1,0,1,0,680,610,3,1,NA,0,90.05000305175781,1
NA,74,0,NA,NA,NA,NA,NA,NA,NA,1,0,NA,NA,3,1,NA,0,51.67998123168945,1
2.887,53,0,1,0,0,0,0,0,1,0,1,730,580,3,NA,1,0,73.30000305175781,1
2.425,15,1,NA,NA,NA,NA,NA,NA,NA,1,0,620,650,2,1,NA,0,0,1
3.377,17,0,0,0,0,0,0,1,0,0,1,590,620,3,NA,1,0,76.63999938964844,1
3.453,18,0,1,0,0,0,0,0,1,1,0,695,605,3,1,NA,0,58.34000015258789,1
2.378,49,1,0,0,0,0,0,1,0,1,0,550,570,3,1,NA,0,78.30999755859375,1
2.496,71,0,0,0,0,0,0,1,0,0,0,540,500,2,0,0,1,0,1
3.672,76,1,0,0,0,0,0,1,0,1,0,710,600,3,1,NA,0,83.30000305175781,1
2.727,30,0,0,0,0,0,0,1,0,1,0,560,620,3,1,NA,0,51.67900085449219,1
NA,0,0,NA,NA,NA,NA,NA,NA,NA,0,0,590,590,3,0,0,1,61.679969787597656,1
3.264,36,1,0,0,0,0,0,1,0,1,0,540,500,2,1,NA,0,0,1
1.113,15,0,0,0,0,0,0,1,0,1,0,630,670,3,1,NA,0,76.660003662109375,1
NA,0,1,1,0,0,0,0,0,1,0,0,740,510,3,0,0,1,56.70996856689453,1
3.159,27,1,0,0,0,0,0,1,0,0,0,650,660,3,0,0,1,79.999969482421875,1
3.5,18,0,0,0,0,0,0,1,0,1,0,590,590,2,1,NA,0,0,1
3.229,36,1,0,0,0,0,0,1,0,0,1,710,800,3,NA,1,0,79.9800033569336,1
3.687,65,0,0,0,0,0,0,1,0,1,0,630,570,3,1,NA,0,73.30000305175781,1
NA,NA,0,NA,NA,NA,NA,NA,NA,NA,0,0,710,520,3,0,0,1,73.38999938964844,1
3.703,101,1,0,0,0,0,0,1,0,0,0,NA,NA,2,0,0,1,0,1
3.436,69,1,0,0,0,0,0,1,0,0,0,NA,NA,3,0,0,1,71.64996337890625,1
3.052,54,0,0,0,0,0,0,1,0,0,0,620,640,2,0,0,1,0,1
NA,13,0,1,0,0,0,0,0,1,0,0,720,640,3,0,0,1,79.979949951171875,1
NA,0,1,0,0,0,0,0,1,0,0,0,510,580,3,0,0,1,71.62996673583984,1
2.876,62,0,1,0,0,0,0,0,1,0,1,650,450,3,NA,1,0,79.9800033569336,1
3.625,94,1,0,0,0,0,0,1,0,0,1,760,670,2,NA,1,0,0,1
3.76,23,1,0,0,0,0,0,1,0,0,0,670,550,2,0,0,1,0,1
3.86,18,0,NA,NA,NA,NA,NA,NA,NA,0,0,550,580,3,0,0,1,86.63999938964844,1
3.258,29,1,0,0,0,0,0,1,0,0,0,640,510,3,0,0,1,83.38999938964844,1
3.7,13,0,0,0,0,0,0,1,0,1,0,610,560,2,1,NA,0,0,1
NA,NA,0,NA,NA,NA,NA,NA,NA,1,0,1,NA,NA,2,NA,1,0,0,1
2.779,57,0,0,0,0,0,0,1,0,1,0,580,590,3,1,NA,0,64.97899627685547,1
NA,6,1,NA,NA,NA,NA,NA,NA,NA,1,0,690,680,3,1,NA,0,93.38999938964844,1
3.07,44,0,NA,NA,NA,NA,NA,NA,NA,0,0,640,490,3,0,0,1,70.029998779296875,1
3.736,14,1,0,0,0,0,0,1,0,0,1,630,600,3,NA,1,0,84.970001220703125,1
1.35,10,1,1,0,0,0,0,0,1,0,0,640,620,2,0,0,1,0,1
3.8,26,0,0,0,0,0,0,1,0,0,0,630,690,3,0,0,1,89.9800033569336,1
2.603,38,1,NA,NA,NA,NA,NA,NA,NA,1,0,570,560,3,1,NA,0,56.650001525878906,1
1.765,14,0,1,0,0,0,0,0,1,0,0,NA,NA,3,0,0,1,78.3499526977539,1
3.156,44,0,0,0,0,0,0,1,0,0,0,620,580,3,0,0,1,74.90995788574219,1
3.498,42,1,0,0,0,0,0,1,0,1,0,640,550,3,1,NA,0,78.30999755859375,1
3.232,25,0,0,0,1,0,0,0,1,1,0,600,530,3,1,NA,0,81.69999694824219,1
3.436,17,0,0,1,0,0,0,0,1,0,0,560,620,3,0,0,1,66.63999938964844,1
2.231,47,1,0,0,0,0,0,1,0,0,1,420,440,2,NA,1,0,0,1
2.679,14,1,0,0,0,0,0,1,0,1,0,650,620,3,1,NA,0,86.63999938964844,1
NA,NA,1,NA,NA,NA,NA,NA,NA,NA,1,0,NA,NA,2,1,NA,0,0,1
3.931,23,1,0,0,0,0,0,1,0,0,0,640,690,3,0,0,1,79.9800033569336,1
3.12,50,0,NA,NA,NA,NA,NA,NA,NA,1,0,660,610,2,1,NA,0,0,1
2.688,19,1,0,0,0,0,0,1,0,0,1,570,680,3,NA,1,0,81.6500015258789,1
4,17,1,0,0,0,0,0,1,0,0,0,670,640,3,0,0,1,84.970001220703125,1
1.712,14,0,1,0,0,0,0,0,1,1,0,NA,NA,2,1,NA,0,0,1
3.214,14,0,1,0,0,0,0,0,1,1,0,760,530,3,1,NA,0,76.70999908447266,1
3.363,23,0,1,0,0,0,0,0,1,1,0,570,720,3,1,NA,0,60.08000183105469,1
1.877,64,1,0,0,0,0,0,1,0,0,0,610,590,2,0,0,1,0,1
3.974,41,0,NA,NA,NA,NA,NA,NA,NA,0,1,670,620,3,NA,1,0,91.6500015258789,1
3.567,30,1,0,0,0,0,0,1,0,1,0,600,550,3,1,NA,0,75.05999755859375,1
3.78,18,0,1,0,0,0,0,0,1,0,0,540,600,3,0,0,1,80.05000305175781,1
NA,NA,0,NA,NA,NA,NA,NA,NA,1,0,1,NA,NA,2,NA,1,0,0,1
3.767,22,1,0,0,0,0,0,1,0,1,0,720,640,3,1,NA,0,81.66999816894531,1
NA,NA,1,NA,NA,NA,NA,NA,NA,NA,1,0,485,460,2,1,NA,0,0,1
3.403,33,1,0,0,0,0,0,1,0,1,0,560,650,2,1,NA,0,81.62999725341797,1
2.876,42,1,0,0,0,0,0,1,0,1,0,640,440,2,1,NA,0,0,1
3.67,30,0,NA,NA,NA,NA,NA,NA,NA,1,0,560,520,2,1,NA,0,0,1
NA,10,1,0,0,0,0,0,1,0,0,0,640,590,3,0,0,1,86.659942626953125,1
2.45,61,1,0,0,0,0,1,0,1,1,0,650,600,2,1,NA,0,83.3199691772461,1
NA,NA,1,NA,NA,NA,NA,NA,NA,NA,0,1,540,570,3,NA,1,0,83.30000305175781,1
NA,26,1,0,0,0,0,0,1,0,0,0,510,600,3,0,0,1,74.95996856689453,1
3.445,33,0,NA,NA,NA,NA,NA,NA,NA,0,0,560,550,3,0,0,1,69.9599609375,1
3.188,20,0,0,0,0,0,1,0,1,1,0,590,600,2,1,NA,0,0,1
3.918,51,0,0,0,0,0,0,1,0,0,1,630,680,3,NA,1,0,88.32994079589844,1
3.425,20,0,NA,NA,NA,NA,NA,NA,NA,1,0,690,500,3,1,NA,0,64.94999694824219,1
2.454,24,1,0,0,0,0,0,1,0,0,0,630,660,3,0,0,1,66.63999938964844,1
2.2,14,1,0,0,0,0,0,1,0,1,0,510,470,2,1,NA,0,0,1
2.633,15,1,0,0,0,0,0,1,0,0,0,700,510,3,0,0,1,76.63999938964844,1
3.249,41,0,NA,NA,NA,NA,NA,NA,NA,1,0,560,490,3,1,NA,0,74.98999786376953,1
3.469,29,1,0,0,0,0,0,1,0,1,0,640,610,3,1,NA,0,59.939998626708984,1
NA,NA,1,NA,NA,NA,NA,NA,NA,1,0,1,NA,NA,2,NA,1,0,0,1
3.31,29,0,0,0,0,0,0,1,0,0,1,680,700,3,NA,1,0,75.0199966430664,1
3.463,35,0,NA,NA,NA,NA,NA,NA,NA,1,0,640,510,3,1,NA,0,58.310001373291016,1
3.58,15,0,1,0,0,0,0,0,1,1,0,630,520,2,1,NA,0,0,1
1.795,17,0,0,0,0,0,0,1,0,1,0,520,540,2,1,NA,0,0,1
2.57,16,0,NA,NA,NA,NA,NA,NA,NA,0,0,580,610,2,0,0,1,0,1
3.313,15,1,0,0,0,0,0,1,0,1,0,710,580,3,1,NA,0,76.76000213623047,1
3.121,44,1,0,0,0,0,0,1,0,0,0,580,530,2,0,0,1,0,1
3.85,14,1,0,0,0,0,0,1,0,1,0,630,590,3,1,NA,0,71.68000030517578,1
NA,30,1,NA,NA,NA,NA,NA,NA,NA,0,0,660,540,3,0,0,1,89.9800033569336,1
3.401,135,0,1,0,0,0,0,0,1,1,0,620,460,2,1,NA,0,0,1
3.667,41,0,1,0,0,0,0,0,1,0,1,700,470,3,NA,1,0,84.98999786376953,1
3.364,32,1,NA,NA,NA,NA,NA,NA,NA,0,0,640,690,3,0,0,1,81.62999725341797,1
3.508,22,1,0,1,0,0,0,0,1,0,1,560,580,3,NA,1,0,83.31999969482422,1
3.613,39,0,1,0,0,0,0,0,1,0,0,730,490,3,0,0,1,73.3199691772461,1
2.346,25,1,1,0,0,0,0,0,1,0,0,NA,NA,2,0,0,1,0,1
3,69,1,0,0,0,0,0,1,0,1,0,NA,NA,2,1,NA,0,0,1
NA,NA,0,NA,NA,NA,NA,NA,NA,1,0,1,NA,NA,2,NA,1,0,0,1
2.752,64,0,1,0,0,0,0,0,1,0,0,800,800,3,0,0,1,73.27996826171875,1
3.047,28,0,1,0,0,0,0,0,1,1,0,NA,NA,2,1,NA,0,0,1
3.764,14,1,0,0,0,0,0,1,0,1,0,770,590,3,1,NA,0,88.37999725341797,1
3.586,70,1,1,0,0,0,0,0,1,1,0,NA,690,2,1,NA,0,0,1
2.869,60,0,0,0,0,0,0,1,0,1,0,690,660,3,1,NA,0,68.36000061035156,1
2.629,41,0,0,0,0,0,0,1,0,0,1,660,690,2,NA,1,0,79.970001220703125,1
2.817,12,0,NA,NA,NA,NA,NA,NA,NA,0,1,620,490,3,NA,1,0,68.29000091552734,1
3.557,75,0,0,0,0,0,0,1,0,1,0,530,540,3,1,NA,0,71.62999725341797,1
1.736,26,1,NA,NA,NA,NA,NA,NA,NA,0,1,500,520,3,NA,1,0,71.62999725341797,1
3.444,16,0,0,0,0,0,0,1,0,0,0,610,630,3,0,0,1,91.6500015258789,1
2.771,35,1,NA,NA,NA,NA,NA,NA,NA,0,0,460,520,3,0,0,1,68.30999755859375,1
3.207,61,1,0,0,0,0,0,1,0,1,0,640,560,3,1,NA,0,75.0199966430664,1
2.307,14,0,1,0,0,0,0,0,1,0,0,550,470,3,0,0,1,73.44000244140625,1
2.739,44,0,0,1,0,0,0,0,1,0,1,480,500,3,NA,1,0,50.099998474121094,1
NA,0,1,1,0,0,0,0,0,1,1,0,680,690,3,1,NA,0,63.31998062133789,1
3.308,17,0,0,0,0,0,0,1,0,0,0,600,610,3,0,0,1,70.029998779296875,1
NA,NA,0,NA,NA,NA,NA,NA,NA,NA,0,0,680,610,2,0,0,1,0,1
3.003,30,0,NA,NA,NA,NA,NA,NA,NA,1,0,710,420,2,1,NA,0,0,1
3.588,46,1,0,0,0,0,0,1,0,0,1,665,650,3,NA,1,0,73.31999969482422,1
1.908,37,0,NA,NA,NA,NA,NA,NA,NA,1,0,570,490,3,1,NA,0,83.30000305175781,1
2.776,69,1,NA,NA,NA,NA,NA,NA,NA,1,0,730,620,3,1,NA,0,75.05999755859375,1
3.753,26,0,0,0,0,0,0,1,0,1,0,580,620,3,1,NA,0,86.660003662109375,1
3.679,34,0,1,0,0,0,0,0,1,0,1,600,580,3,NA,1,0,68.32996368408203,1
1.908,20,1,0,0,0,0,0,1,0,0,1,570,620,2,NA,1,0,0,1
3.19,59,0,NA,NA,NA,NA,NA,NA,NA,0,1,610,590,3,NA,1,0,78.3290023803711,1
2.68,20,1,NA,NA,NA,NA,NA,NA,NA,0,1,560,660,2,NA,1,0,0,1
2.567,16,0,NA,NA,NA,NA,NA,NA,NA,1,0,650,600,3,1,NA,0,68.30999755859375,1
3.259,27,1,0,0,0,0,0,1,0,1,0,580,640,3,1,NA,0,75.0199966430664,1
1.94,16,1,0,0,0,0,0,1,0,1,0,610,600,3,1,NA,0,78.33000183105469,1
3.324,45,0,NA,NA,NA,NA,NA,NA,NA,0,1,670,530,3,NA,1,0,73.279998779296875,1
NA,10,0,NA,NA,NA,NA,NA,NA,NA,0,0,665,665,3,0,0,1,74.970001220703125,1
2.694,16,0,0,1,0,0,0,0,1,0,1,540,510,3,NA,1,0,70.05000305175781,1
NA,0,1,1,0,0,0,0,0,1,0,0,680,500,3,0,0,1,76.63996887207031,1
3.229,83,1,NA,NA,NA,NA,NA,NA,NA,0,1,670,630,3,NA,1,0,84.98999786376953,1
3.527,52,0,NA,NA,NA,NA,NA,NA,NA,0,1,640,620,3,NA,1,0,71.73999786376953,1
2.427,33,1,0,0,0,0,0,1,0,1,0,640,540,3,1,NA,0,88.33000183105469,1
NA,16,0,NA,NA,NA,NA,NA,NA,NA,1,0,750,490,3,1,NA,0,63.279998779296875,1
3.825,30,1,1,0,0,0,0,0,1,0,1,670,620,3,NA,1,0,91.73999786376953,1
3.052,57,1,NA,NA,NA,NA,NA,NA,NA,1,0,630,600,3,NA,1,0,0,1
NA,0,1,0,0,0,0,0,1,0,0,1,NA,510,2,NA,1,0,0,1
3.165,26,1,0,1,0,0,0,0,1,0,0,650,580,3,0,0,1,79.9800033569336,1
2.331,44,1,0,0,1,0,0,0,1,0,0,500,450,2,0,0,1,0,1
NA,NA,1,NA,NA,NA,NA,NA,NA,NA,0,0,580,570,3,0,0,1,69.94000244140625,1
2.224,56,1,0,0,0,1,0,0,1,0,1,670,670,3,NA,1,0,63.27996826171875,1
4,57,1,0,0,0,0,0,1,0,0,1,510,620,3,NA,1,0,84.98999786376953,1
3.8,15,0,0,0,0,0,0,1,0,0,1,610,560,3,NA,1,0,73.30000305175781,1
2.993,14,1,0,0,0,0,0,1,0,0,0,630,580,3,0,0,1,88.33000183105469,1
3.56,43,1,NA,NA,NA,NA,NA,NA,NA,0,0,530,580,2,0,0,1,0,1
NA,NA,1,NA,NA,NA,NA,NA,NA,NA,0,0,540,680,2,0,0,1,0,1
NA,0,1,0,0,0,0,0,1,0,0,0,700,590,3,0,0,1,83.29997253417969,1
3.207,14,1,0,0,0,0,0,1,0,0,1,680,560,3,NA,1,0,84.970001220703125,1
NA,44,1,NA,NA,NA,NA,NA,NA,NA,1,0,NA,NA,2,1,NA,0,0,1
3.014,14,1,NA,NA,NA,NA,NA,NA,NA,1,0,570,540,3,1,NA,0,81.6500015258789,1
3.657,14,1,0,0,0,0,0,1,0,0,0,630,680,3,0,0,1,83.30000305175781,1
NA,6,1,1,0,0,0,0,0,1,0,0,640,590,3,0,0,1,89.99993896484375,1
3.667,67,0,0,0,0,1,0,0,1,1,0,620,580,3,1,NA,0,79.93995666503906,1
2.736,22,1,1,0,0,0,0,0,1,0,0,680,560,3,0,0,1,78.29000091552734,1
4,17,0,0,0,0,0,0,1,0,0,1,665,800,3,NA,1,0,86.63999938964844,1
3.653,24,1,NA,NA,NA,NA,NA,NA,NA,0,0,650,690,3,0,0,1,91.66999816894531,1
3.74,22,0,0,0,0,0,0,1,0,0,1,500,670,3,NA,1,0,76.75,1
3.305,22,0,0,1,0,0,0,0,1,0,1,600,510,3,NA,1,0,73.279998779296875,1
2.62,15,1,0,0,0,0,0,1,0,0,0,650,570,3,0,0,1,70.029998779296875,1
3.118,44,1,0,0,0,0,0,1,0,1,0,700,650,2,1,NA,0,0,1
3.077,30,1,NA,NA,NA,NA,NA,NA,NA,0,0,640,530,3,0,0,1,83.31999969482422,1
3.931,36,1,0,0,0,0,0,1,0,0,1,700,560,3,NA,1,0,90,1
NA,NA,1,NA,NA,NA,NA,NA,NA,NA,0,1,NA,NA,3,NA,1,0,83.31999969482422,1
3.759,43,1,0,0,0,0,0,1,0,0,0,670,650,3,0,0,1,83.30000305175781,1
2.531,31,1,0,0,0,0,0,1,0,0,1,600,570,3,NA,1,0,78.30999755859375,1
2.861,32,0,0,0,0,0,0,1,0,1,0,530,560,2,1,NA,0,0,1
3.2,43,0,0,0,0,0,0,1,0,0,0,570,490,2,0,0,1,0,1
2.369,16,1,0,0,0,0,0,1,0,0,1,590,650,3,NA,1,0,88.33000183105469,1
3.896,70,0,NA,NA,NA,NA,NA,NA,NA,0,0,670,570,2,0,0,1,0,1
NA,59,1,0,0,0,0,0,1,0,0,0,NA,NA,3,0,0,1,83.37000274658203,1
2.939,54,1,0,0,0,0,0,1,0,1,0,510,470,2,1,NA,0,0,1
2.987,36,1,0,0,0,0,0,1,0,0,0,700,590,3,0,0,1,86.660003662109375,1
3.071,14,1,1,0,0,0,0,0,1,0,0,800,580,3,0,0,1,86.660003662109375,1
3.437,50,0,0,0,0,0,0,1,0,0,1,690,620,3,NA,1,0,84.98999786376953,1
3.388,29,1,0,1,0,0,0,0,1,0,0,570,570,3,0,0,1,88.33000183105469,1
3.006,85,1,0,0,1,0,0,0,1,0,1,640,490,3,NA,1,0,88.33000183105469,1
3.872,35,0,0,0,0,0,0,1,0,1,0,580,630,3,1,NA,0,81.6500015258789,1
2.917,25,1,0,0,0,0,0,1,0,0,1,580,510,3,NA,1,0,78.22899627685547,1
3.223,37,1,NA,NA,NA,NA,NA,NA,NA,0,1,640,590,3,NA,1,0,76.7300033569336,1
4,18,0,0,0,0,0,0,1,0,0,1,640,590,3,NA,1,0,89.9800033569336,1
3.175,36,1,NA,NA,NA,NA,NA,NA,NA,0,1,530,440,3,NA,1,0,74.94999694824219,1
2.611,28,1,1,0,0,0,0,0,1,0,1,760,400,3,NA,1,0,75.0199966430664,1
NA,0,0,NA,NA,NA,NA,NA,NA,NA,0,1,700,590,3,NA,1,0,56.759979248046875,1
NA,19,0,1,0,0,0,0,0,1,0,0,800,680,2,0,0,1,73.299957275390625,1
NA,12,0,0,0,0,0,0,1,0,0,1,790,660,3,NA,1,0,81.66899871826172,1
2.927,19,0,0,0,0,0,0,1,0,1,0,640,600,3,1,NA,0,58.27000045776367,1
2.4,35,1,0,0,0,0,0,1,0,1,0,590,490,3,1,NA,0,81.62999725341797,1
3.66,23,0,NA,NA,NA,NA,NA,NA,NA,1,0,700,610,2,1,NA,0,0,1
2.493,134,0,1,0,0,0,0,0,1,1,0,470,480,3,1,NA,0,58.29996871948242,1
3.026,27,0,0,0,0,0,0,1,0,0,1,610,610,3,NA,1,0,78.37999725341797,1
3.043,35,0,1,0,0,0,0,0,1,1,0,680,460,2,1,NA,0,0,1
3.897,48,1,0,0,0,0,0,1,0,0,1,610,660,3,NA,1,0,81.720001220703125,1
3.936,14,1,0,0,0,0,0,1,0,0,0,610,580,3,0,0,1,84.98999786376953,1
2.628,48,0,1,0,0,0,0,0,1,1,0,580,680,3,1,NA,0,81.66999816894531,1
3.3,28,1,0,0,0,0,0,1,0,0,0,650,610,3,0,0,1,86.660003662109375,1
3.889,42,0,0,0,0,0,0,1,0,0,0,740,740,3,0,0,1,88.30999755859375,1
2.567,12,1,0,0,0,0,0,1,0,1,0,580,570,3,1,NA,0,65.0199966430664,1
3.289,40,0,1,0,0,0,0,0,1,0,0,660,630,3,0,0,1,80,1
3.736,14,1,0,0,0,0,0,1,0,1,0,690,630,2,1,NA,0,0,1
NA,0,1,1,0,0,0,0,0,1,0,1,730,550,3,NA,1,0,78.37995147705078,1
2.333,23,1,0,0,0,0,0,1,0,0,1,700,750,3,NA,1,0,86.660003662109375,1
3.371,50,0,0,0,0,0,0,1,0,1,0,570,610,2,1,NA,0,0,1
3.135,17,1,1,0,0,0,0,0,1,1,0,760,710,3,1,NA,0,83.339996337890625,1
3.586,18,0,0,0,0,0,0,1,0,0,1,630,640,3,NA,1,0,84.98999786376953,1
NA,49,0,NA,NA,NA,NA,NA,NA,NA,0,1,620,590,3,NA,1,0,89.9800033569336,1
3.324,32,1,0,0,0,0,0,1,0,0,1,590,600,3,NA,1,0,66.69000244140625,1
2.45,36,1,0,0,0,0,0,1,0,0,1,490,430,3,NA,1,0,83.37000274658203,1
4,39,1,0,0,0,0,0,1,0,0,0,NA,NA,3,0,0,1,88.33000183105469,1
3.462,34,1,0,0,0,0,0,1,0,0,1,600,610,3,NA,1,0,86.63999938964844,1
3.323,31,0,0,0,0,0,0,1,0,0,0,590,530,3,0,0,1,90,1
4,33,1,NA,NA,NA,NA,NA,NA,NA,1,0,710,580,2,1,NA,0,0,1
3.053,45,0,0,0,0,0,0,1,0,0,0,590,530,3,0,0,1,84.970001220703125,1
2.975,32,1,0,0,0,0,0,1,0,0,1,680,530,3,NA,1,0,73.31999969482422,1
3.644,16,1,0,0,0,0,0,1,0,0,0,650,530,3,0,0,1,85.01000213623047,1
2.246,17,0,0,0,0,0,0,1,0,0,0,690,580,3,0,0,1,75.05999755859375,1
3.461,34,0,0,0,0,0,0,1,0,0,0,560,600,3,0,0,1,81.6500015258789,1
3.45,24,0,1,0,0,0,0,0,1,0,1,610,540,3,NA,1,0,68.2699966430664,1
3.86,15,1,0,0,0,0,0,1,0,0,1,640,620,3,NA,1,0,83.339996337890625,1
3.457,28,1,NA,NA,NA,NA,NA,NA,NA,1,0,740,700,3,1,NA,0,80.05000305175781,1
3.544,44,0,1,0,0,0,0,0,1,0,0,650,630,3,0,0,1,86.63999938964844,1
3.736,20,0,0,0,0,0,0,1,0,0,1,620,590,3,NA,1,0,81.6500015258789,1
3.538,13,1,1,0,0,0,0,0,1,0,0,700,510,3,0,0,1,68.36000061035156,1
3.211,23,0,0,0,0,0,0,1,0,0,0,640,560,3,0,0,1,80,1
3.5,43,0,0,0,0,0,0,1,0,1,0,620,600,3,1,NA,0,73.3499984741211,1
3.092,16,1,0,0,0,0,0,1,0,0,0,600,630,3,0,0,1,68.36000061035156,1
NA,NA,0,NA,NA,NA,NA,NA,NA,NA,0,1,560,520,3,NA,1,0,61.630001068115234,1
2.55,45,1,0,0,0,0,0,1,0,1,0,550,570,3,1,NA,0,56.709999084472656,1
NA,NA,1,NA,NA,NA,NA,NA,NA,NA,0,1,640,550,3,NA,1,0,78.30999755859375,1
2.147,117,0,NA,NA,NA,NA,NA,NA,NA,0,0,490,460,2,0,0,1,0,1
2.987,15,1,0,0,0,0,0,1,0,1,0,630,590,3,1,NA,0,90,1
NA,28,0,0,0,0,0,0,1,0,0,0,500,590,2,0,0,1,0,1
NA,27,1,0,0,0,0,0,1,0,0,1,490,430,3,NA,1,0,70.029998779296875,1
2.35,110,1,0,0,0,0,0,1,0,0,0,660,550,3,0,0,1,68.28996276855469,1
3.894,34,0,0,0,0,0,0,1,0,1,0,640,600,3,1,NA,0,76.7300033569336,1
NA,NA,1,NA,NA,NA,NA,NA,NA,NA,1,0,740,550,3,1,NA,0,86.65995788574219,1
1.517,34,0,0,0,0,0,1,0,1,0,1,550,620,3,NA,1,0,48.33998107910156,1
3.103,37,1,0,1,0,0,0,0,1,1,0,565,515,3,1,NA,0,81.69999694824219,1
NA,NA,1,NA,NA,NA,NA,NA,NA,NA,1,0,700,590,2,1,NA,0,0,1
3.753,15,0,0,0,0,0,0,1,0,1,0,650,580,3,1,NA,0,81.720001220703125,1
3.925,18,0,0,0,0,0,0,1,0,1,0,630,600,2,1,NA,0,0,1
NA,30,1,0,0,0,0,0,1,0,0,0,550,560,3,0,0,1,56.599971771240234,1
3.677,13,1,0,0,0,0,0,1,0,1,0,580,640,2,1,NA,0,0,1
3.553,17,0,0,0,0,0,0,1,0,0,1,570,500,2,NA,1,0,0,1
3.05,15,1,0,0,0,0,0,1,0,1,0,720,550,2,1,NA,0,0,1
2.65,16,1,0,0,0,0,0,1,0,0,1,720,700,3,NA,1,0,81.6500015258789,1
4,12,1,1,0,0,0,0,0,1,1,0,NA,NA,3,1,NA,0,94.98999786376953,1
2.793,14,0,0,0,0,0,0,1,0,0,0,590,610,3,0,0,1,59.91999816894531,1
3.083,29,0,0,0,0,0,0,1,0,0,0,560,665,3,0,0,1,61.68000030517578,1
3.7,27,0,0,0,0,0,0,1,0,0,1,520,510,3,NA,1,0,86.63999938964844,1
3.307,14,1,0,0,0,0,0,1,0,1,0,620,590,3,1,NA,0,86.660003662109375,1
0.8,4,0,0,0,0,0,0,1,0,0,0,620,630,2,0,0,1,0,1
3.3,21,1,0,0,0,0,0,1,0,1,0,620,660,3,1,NA,0,88.30999755859375,1
1.65,36,1,NA,NA,NA,NA,NA,NA,NA,1,0,570,480,3,1,NA,0,81.69999694824219,1
2.45,112,0,1,0,0,0,0,0,1,1,0,690,630,2,1,NA,0,0,1
2.968,64,1,1,0,0,0,0,0,1,0,1,550,450,3,NA,1,0,68.339996337890625,1
2.993,14,0,1,0,0,0,0,0,1,0,1,NA,NA,2,NA,1,0,0,1
2.893,15,1,0,0,0,0,0,1,0,1,0,630,590,2,1,NA,0,0,1
2.792,13,1,0,0,0,0,0,1,0,0,0,740,650,3,0,0,1,78.4000015258789,1
3.308,13,1,0,0,0,0,0,1,0,0,0,570,700,3,0,0,1,74.970001220703125,1
2.714,56,0,0,0,0,0,0,1,0,1,0,NA,NA,3,1,NA,0,83.31999969482422,1
3.038,42,1,1,0,0,0,0,0,1,0,1,600,620,2,NA,1,0,0,1
3.85,28,1,1,0,0,0,0,0,1,0,0,660,500,3,0,0,1,84.98999786376953,1
2.664,28,1,0,0,0,1,0,0,1,1,0,670,430,3,1,NA,0,76.62000274658203,1
3.469,20,0,0,0,0,0,0,1,0,0,1,550,640,3,NA,1,0,68.36000061035156,1
3.287,16,1,NA,NA,NA,NA,NA,NA,NA,0,1,690,510,3,NA,1,0,76.62000274658203,1
3.88,15,0,0,0,0,0,0,1,0,1,0,600,540,3,1,NA,0,66.62000274658203,1
2.513,32,1,NA,NA,NA,NA,NA,NA,NA,1,0,590,490,2,1,NA,0,0,1
NA,0,0,NA,NA,NA,NA,NA,NA,NA,1,0,610,530,3,1,NA,0,74.90997314453125,1
3.641,36,0,0,0,0,0,0,1,0,1,0,690,640,3,1,NA,0,79.95999908447266,1
2.231,70,1,0,0,0,0,0,1,0,1,0,760,640,2,1,NA,0,0,1
2.906,16,0,0,1,0,0,0,0,1,0,1,480,420,2,NA,1,0,0,1
3.471,20,1,0,0,0,0,0,1,0,0,1,670,520,3,NA,1,0,88.33000183105469,1
3.32,15,0,NA,NA,NA,NA,NA,NA,NA,0,1,520,550,3,NA,1,0,76.70999908447266,1
2.118,49,1,1,0,0,0,0,0,1,1,0,600,560,3,1,NA,0,65.0199966430664,1
4,24,0,0,0,0,0,0,1,0,1,0,620,700,3,1,NA,0,83.31999969482422,1
3.49,32,1,NA,NA,NA,NA,NA,NA,NA,1,0,610,540,2,1,NA,0,0,1
2.91,10,1,1,0,0,0,0,0,1,1,0,NA,NA,3,1,NA,0,86.75,1
1.929,14,1,0,0,0,0,0,1,0,1,0,780,600,3,1,NA,0,83.44000244140625,1
3.486,14,1,0,1,0,0,0,0,1,0,0,490,580,3,0,0,1,95.01000213623047,1
NA,0,1,1,0,0,0,0,0,1,0,0,660,520,3,0,0,1,69.999969482421875,1
3.308,13,0,1,0,0,0,0,0,1,1,0,610,510,3,1,NA,0,86.68000030517578,1
2.821,93,1,0,0,0,0,0,1,0,1,0,580,580,3,1,NA,0,66.65899658203125,1
3.008,16,1,NA,NA,NA,NA,NA,NA,NA,0,1,700,580,3,NA,1,0,76.62000274658203,1
0.191,3,1,0,0,0,0,0,1,0,0,1,610,540,2,NA,1,0,0,1
3.552,42,1,0,0,0,0,0,1,0,0,0,610,660,3,0,0,1,71.61000061035156,1
3.564,17,1,0,0,0,0,0,1,0,0,0,700,620,3,0,0,1,90,1
2.816,31,0,0,0,0,0,0,1,0,1,0,570,640,3,1,NA,0,60.0099983215332,1
NA,NA,1,NA,NA,NA,NA,NA,NA,NA,0,1,NA,NA,2,NA,1,0,0,1
2.38,22,1,1,0,0,0,0,0,1,0,1,730,600,3,NA,1,0,94.98999786376953,1
3.425,23,0,1,0,0,0,0,0,1,0,0,640,650,3,0,0,1,83.30000305175781,1
3.45,83,1,0,0,0,0,0,1,0,0,1,570,600,3,NA,1,0,83.31999969482422,1
2.267,16,1,0,0,0,0,0,1,0,1,0,700,570,3,1,NA,0,70,1
3.325,25,0,0,0,0,0,0,1,0,0,1,710,720,3,NA,1,0,73.37000274658203,1
3.193,20,1,0,0,0,0,0,1,0,0,0,650,590,3,0,0,1,83.38999938964844,1
1.468,54,0,0,0,0,0,0,1,0,1,0,620,620,3,1,NA,0,0,1
NA,NA,1,NA,NA,NA,NA,NA,NA,NA,0,1,NA,NA,3,NA,1,0,69.95999908447266,1
3.021,23,1,1,0,0,0,0,0,1,0,0,680,610,3,0,0,1,86.70999908447266,1
NA,NA,0,NA,NA,NA,NA,NA,NA,1,0,1,NA,NA,2,NA,1,0,0,1
3.022,27,1,NA,NA,NA,NA,NA,NA,NA,0,0,630,530,3,0,0,1,90,1
3.036,14,0,0,1,0,0,0,0,1,0,0,600,530,3,0,0,1,61.68000030517578,1
2.569,32,0,NA,NA,NA,NA,NA,NA,NA,0,0,470,550,3,0,0,1,73.37000274658203,1
3.618,64,1,NA,NA,NA,NA,NA,NA,NA,0,1,760,620,3,NA,1,0,88.30999755859375,1
3.566,42,0,0,0,0,0,0,1,0,0,0,740,670,3,0,0,1,91.6500015258789,1
NA,NA,1,NA,NA,NA,NA,NA,NA,NA,0,0,790,600,3,0,0,1,84.98999786376953,1
3.308,20,0,0,0,0,0,0,1,0,0,1,550,670,3,NA,1,0,68.36000061035156,1
3.269,16,1,NA,NA,NA,NA,NA,NA,NA,1,0,610,590,3,1,NA,0,70.05000305175781,1
NA,24,0,NA,NA,NA,NA,NA,NA,NA,1,0,575,530,3,1,NA,0,66.69000244140625,1
3.514,14,1,NA,NA,NA,NA,NA,NA,NA,1,0,790,770,3,1,NA,0,83.29997253417969,1
3.968,52,1,0,0,0,0,0,1,0,0,1,650,630,3,NA,1,0,96.68000030517578,1
NA,22.5,1,NA,NA,NA,NA,NA,NA,NA,1,0,590,470,1,1,NA,0,0,NA
2.697,30,0,0,0,0,0,0,1,0,0,0,610,610,1,0,0,1,0,NA
2.92,10,0,0,1,0,0,0,0,1,0,0,600,540,1,0,0,1,0,NA
2.111,24,1,NA,NA,NA,NA,NA,NA,NA,0,0,510,530,1,0,0,1,0,NA
2.744,16,1,0,0,0,0,0,1,0,0,1,670,650,1,NA,1,0,0,NA
3.256,25,0,0,0,0,0,0,1,0,0,0,560,610,1,0,0,1,0,NA
NA,NA,1,NA,NA,NA,NA,NA,NA,NA,1,0,420,NA,1,1,NA,0,0,NA
3.015,45,0,1,0,0,0,0,0,1,0,0,540,500,1,0,0,1,0,NA
1.993,13,1,0,0,0,0,0,1,0,0,0,610,690,1,0,0,1,0,NA
3.144,48,1,NA,NA,NA,NA,NA,NA,NA,0,1,600,530,1,NA,1,0,0,NA
3.68,110,1,0,0,0,0,0,1,0,0,1,620,530,1,NA,1,0,0,NA
2.862,45,0,0,0,0,0,0,1,0,1,0,640,480,1,1,NA,0,0,NA
3.36,40,0,NA,NA,NA,NA,NA,NA,NA,0,0,560,550,1,0,0,1,0,NA
3.898,115,0,1,0,0,0,0,0,1,1,0,480,540,1,1,NA,0,0,NA
3.073,38,1,NA,NA,NA,NA,NA,NA,NA,0,0,610,620,1,0,0,1,0,NA
2.933,127,0,0,0,0,0,0,1,0,1,0,530,580,1,1,NA,0,0,NA
0.231,3,1,NA,NA,NA,NA,NA,NA,NA,1,0,690,550,1,1,NA,0,0,NA
2.994,49,1,0,0,0,0,0,1,0,0,1,560,500,1,NA,1,0,0,NA
3.373,15,1,0,1,0,0,0,0,1,0,1,590,590,1,NA,1,0,0,NA
4,114,1,NA,NA,NA,NA,NA,NA,NA,0,1,NA,NA,1,NA,1,0,0,NA
2.859,36,1,NA,NA,NA,NA,NA,NA,NA,0,1,770,460,1,NA,1,0,0,NA
2.73,54,0,0,0,0,0,0,1,0,1,0,450,490,1,1,NA,0,0,NA
3.546,13,0,0,0,0,0,0,1,0,1,0,NA,NA,1,1,NA,0,0,NA
3.92,22,0,1,0,0,0,0,0,1,1,0,660,540,1,1,NA,0,0,NA
3.529,28,1,NA,NA,NA,NA,NA,NA,NA,0,0,690,790,1,0,0,1,0,NA
3.107,29,1,1,0,0,0,0,0,1,0,1,570,450,1,NA,1,0,0,NA
3.135,130,0,NA,NA,NA,NA,NA,NA,NA,0,1,620,520,1,NA,1,0,0,NA
NA,0,0,0,0,0,0,0,1,0,0,0,560,590,1,0,0,1,0,NA
3.66,23,0,NA,NA,NA,NA,NA,NA,NA,0,0,700,610,1,0,0,1,0,NA
2.84,43,1,0,1,0,0,0,0,1,0,0,600,550,1,0,0,1,0,NA
2.475,107,1,1,0,0,0,0,0,1,0,0,580,470,1,0,0,1,0,NA
3.604,48,1,0,1,0,0,0,0,1,0,1,560,450,1,NA,1,0,0,NA
NA,NA,1,NA,NA,NA,NA,NA,NA,NA,0,0,NA,NA,1,0,0,1,0,NA
3.821,41,0,NA,NA,NA,NA,NA,NA,NA,1,0,700,610,1,1,NA,0,0,NA
NA,NA,1,NA,NA,NA,NA,NA,NA,NA,0,1,NA,NA,1,NA,1,0,0,NA
3.293,14,0,0,0,0,0,0,1,0,0,1,600,510,1,NA,1,0,0,NA
3.252,29,0,0,0,0,0,0,1,0,0,1,590,540,1,NA,1,0,0,NA
3.236,37,1,NA,NA,NA,NA,NA,NA,NA,0,0,680,570,1,0,0,1,0,NA
3.421,14,1,0,0,0,0,0,1,0,0,0,600,600,1,0,0,1,0,NA
1.342,19,0,1,0,0,0,0,0,1,1,0,580,630,1,1,NA,0,0,NA
3.638,49,0,0,0,0,0,0,1,0,0,0,610,640,1,0,0,1,0,NA
1.396,57,1,0,0,0,0,0,1,0,1,0,640,630,1,1,NA,0,0,NA
NA,NA,1,NA,NA,NA,NA,NA,NA,NA,0,1,NA,NA,1,NA,1,0,0,NA
2.092,25,1,0,0,0,0,0,1,0,1,0,500,500,1,1,NA,0,0,NA
3.186,27,1,NA,NA,NA,NA,NA,NA,NA,0,0,540,470,1,0,0,1,0,NA
2.8,27,0,0,1,0,0,0,0,1,0,0,NA,NA,1,0,0,1,0,NA
NA,0,0,NA,NA,NA,NA,NA,NA,NA,0,0,710,380,1,0,0,1,0,NA
3.162,102,0,0,0,0,0,0,1,0,1,0,470,440,1,1,NA,0,0,NA
NA,NA,1,NA,NA,NA,NA,NA,NA,NA,0,1,NA,NA,1,NA,1,0,0,NA
3.183,49,0,0,0,0,0,0,1,0,0,0,550,670,1,0,0,1,0,NA
2.684,32,1,0,1,0,0,0,0,1,1,0,520,460,1,1,NA,0,0,NA
3.43,44,0,NA,NA,NA,NA,NA,NA,NA,1,0,540,570,1,1,NA,0,0,NA
2.893,30,1,0,0,0,0,0,1,0,1,0,570,460,1,1,NA,0,0,NA
3.067,18,1,0,0,0,0,0,1,0,1,0,640,630,1,1,NA,0,0,NA
3.333,15,0,0,1,0,0,0,0,1,1,0,540,480,1,1,NA,0,0,NA
3.3,46,1,0,0,0,0,0,1,0,1,0,660,570,1,1,NA,0,0,NA
2.828,90,0,NA,NA,NA,NA,NA,NA,NA,0,0,500,520,1,0,0,1,0,NA
3.131,45,1,0,0,0,0,0,1,0,0,1,610,560,1,NA,1,0,0,NA
3.421,48,0,0,0,0,0,0,1,0,1,0,500,540,1,1,NA,0,0,NA
3.375,58,0,1,0,0,0,0,0,1,0,1,570,540,1,NA,1,0,0,NA
3.458,25,0,0,0,0,0,0,1,0,0,0,570,750,1,0,0,1,0,NA
1.657,34,1,0,0,0,0,0,1,0,0,1,620,630,1,NA,1,0,0,NA
3.618,34,0,0,0,0,0,0,1,0,0,0,700,620,1,0,0,1,0,NA
2.229,14,1,0,0,0,1,0,0,1,1,0,670,430,1,1,NA,0,0,NA
NA,NA,1,NA,NA,NA,NA,NA,NA,NA,0,1,NA,NA,1,NA,1,0,0,NA
0.743,7,1,0,0,0,0,0,1,0,0,1,660,560,1,NA,1,0,0,NA
3.514,14,1,NA,NA,NA,NA,NA,NA,NA,0,1,NA,NA,1,NA,1,0,0,NA
3.927,40,0,1,0,0,0,0,0,1,0,1,660,540,1,NA,1,0,0,NA
3.24,30,0,0,0,0,0,0,1,0,0,1,590,635,1,NA,1,0,0,NA
2.969,36,1,NA,NA,NA,NA,NA,NA,NA,0,1,690,640,1,NA,1,0,0,NA
2.222,36,1,0,1,0,0,0,0,1,0,1,460,470,1,NA,1,0,0,NA
2.906,16,0,0,1,0,0,0,0,1,1,0,480,420,1,1,NA,0,0,NA
3.7,49,1,0,1,0,0,0,0,1,1,0,610,600,1,1,NA,0,0,NA
2.331,81,0,0,0,0,0,0,1,0,0,1,610,580,1,NA,1,0,0,NA
2.945,50,1,0,0,0,0,0,1,0,1,0,600,710,1,1,NA,0,0,NA
3.647,22,1,0,0,0,0,0,1,0,1,0,610,760,1,1,NA,0,0,NA
3.479,23,0,1,0,0,0,0,0,1,0,0,650,700,1,0,0,1,0,NA
3.545,29,0,0,0,0,0,0,1,0,1,0,650,600,1,1,NA,0,0,NA
NA,NA,1,NA,NA,NA,NA,NA,NA,NA,0,1,NA,NA,1,NA,1,0,0,NA
3.959,43,0,NA,NA,NA,NA,NA,NA,NA,0,1,720,640,1,NA,1,0,0,NA
NA,NA,1,NA,NA,NA,NA,NA,NA,NA,0,1,NA,NA,1,NA,1,0,0,NA
NA,41,1,NA,NA,NA,NA,NA,NA,NA,1,0,600,590,1,1,NA,0,0,NA
2.86,29,0,1,0,0,0,0,0,1,0,1,790,360,1,NA,1,0,0,NA
3.095,111,1,0,1,0,0,0,0,1,1,0,420,440,1,1,NA,0,0,NA
3.333,15,0,0,1,0,0,0,0,1,0,0,540,480,1,0,0,1,0,NA
2.963,24,0,0,1,0,0,0,0,1,0,1,560,630,1,NA,1,0,0,NA
2.778,25,1,0,0,0,0,0,1,0,0,1,NA,NA,1,NA,1,0,0,NA
3.58,59,0,NA,NA,NA,NA,NA,NA,NA,0,1,560,560,1,NA,1,0,0,NA
NA,NA,1,NA,NA,NA,NA,NA,NA,NA,0,0,NA,NA,1,0,0,1,0,NA
3.557,75,0,0,0,0,0,0,1,0,0,1,530,540,1,NA,1,0,0,NA
3.013,34,0,1,0,0,0,0,0,1,0,1,540,510,1,NA,1,0,0,NA
3.548,42,0,0,1,0,0,0,0,1,0,0,570,610,1,0,0,1,0,NA
2.895,44,0,1,0,0,0,0,0,1,0,1,NA,NA,1,NA,1,0,0,NA
3.79,45,0,NA,NA,NA,NA,NA,NA,NA,0,1,620,800,1,NA,1,0,0,NA
